pick,year,name,university,link,g,mp,fg,fga,fg3,fg3a,ft,fta,orb,trb,ast,stl,blk,tov,pf,pts,fg_pct,fg3_pct,ft_pct,mp_per_g,pts_per_g,trb_per_g,ast_per_g,prospect_tier
1,2018,Deandre Ayton,University of Arizona,/players/a/aytonde01.html,35,1172,276,451,12,35,140,191,118,405,57,20,66,69,81,704,0.612,0.343,0.733,33.5,20.1,11.6,1.6,1
2,2018,Marvin Bagley,Duke University,/players/b/baglema01.html,33,1114,270,440,23,58,131,209,132,366,50,27,29,75,60,694,0.614,0.397,0.627,33.8,21,11.1,1.5,1
4,2018,Jaren Jackson,Michigan State University,/players/j/jacksja02.html,35,764,119,232,38,96,106,133,52,203,39,21,106,62,112,382,0.513,0.396,0.797,21.8,10.9,5.8,1.1,1
5,2018,Trae Young,University of Oklahoma,/players/y/youngtr01.html,32,1133,261,618,118,328,236,274,14,125,279,54,8,167,57,876,0.422,0.36,0.861,35.4,27.4,3.9,8.7,1
6,2018,Mohamed Bamba,University of Texas at Austin,/players/b/bambamo01.html,30,906,146,270,14,51,81,119,96,316,15,23,111,46,76,387,0.541,0.275,0.681,30.2,12.9,10.5,0.5,1
7,2018,Wendell Carter,Duke University,/players/c/cartewe01.html,37,993,179,319,19,46,124,168,109,335,74,30,76,75,105,501,0.561,0.413,0.738,26.8,13.5,9.1,2,1
8,2018,Collin Sexton,University of Alabama,/players/s/sextoco01.html,33,987,196,438,44,131,196,252,34,124,119,28,3,92,81,632,0.447,0.336,0.778,29.9,19.2,3.8,3.6,1
9,2018,Kevin Knox,University of Kentucky,/players/k/knoxke01.html,37,1198,196,440,57,167,127,164,33,200,53,31,10,85,82,576,0.445,0.341,0.774,32.4,15.6,5.4,1.4,1
10,2018,Mikal Bridges,Villanova University,/players/b/bridgmi01.html,116,3171,458,873,171,428,224,265,131,504,183,163,101,124,257,1311,0.525,0.4,0.845,27.3,11.3,4.3,1.6,1
11,2018,Shai Gilgeous-Alexander,University of Kentucky,/players/g/gilgesh01.html,37,1248,183,377,23,57,143,175,33,153,189,61,18,100,62,532,0.485,0.404,0.817,33.7,14.4,4.1,5.1,1
12,2018,Miles Bridges,Michigan State University,/players/b/bridgmi02.html,62,1962,386,821,127,339,156,201,84,469,150,40,69,133,105,1055,0.47,0.375,0.776,31.6,17,7.6,2.4,1
13,2018,Jerome Robinson,Boston College,/players/r/robinje01.html,90,3118,562,1249,159,423,308,408,46,343,294,117,24,259,226,1591,0.45,0.376,0.755,34.6,17.7,3.8,3.3,1
14,2018,Michael Porter,University of Missouri,/players/p/portemi01.html,3,53,10,30,3,10,7,9,4,20,1,3,1,3,6,30,0.333,0.3,0.778,17.7,10,6.7,0.3,1
15,2018,Troy Brown,University of Oregon,/players/b/browntr01.html,35,1093,143,322,32,110,78,105,53,217,111,55,7,86,78,396,0.444,0.291,0.743,31.2,11.3,6.2,3.2,1
16,2018,Zhaire Smith,Texas Tech University,/players/s/smithzh01.html,37,1050,154,277,18,40,91,127,83,185,66,42,42,41,67,417,0.556,0.45,0.717,28.4,11.3,5,1.8,1
17,2018,Donte DiVincenzo,Villanova University,/players/d/divindo01.html,85,2163,303,646,130,344,134,190,93,343,204,79,18,137,151,870,0.469,0.378,0.705,25.4,10.2,4,2.4,1
18,2018,Lonnie Walker,University of Miami,/players/w/walkelo01.html,32,888,132,318,56,162,48,65,13,83,61,30,15,37,51,368,0.415,0.346,0.738,27.8,11.5,2.6,1.9,1
19,2018,Kevin Huerter,University of Maryland,/players/h/huertke01.html,65,2072,273,586,138,350,95,127,53,324,196,52,44,126,136,779,0.466,0.394,0.748,31.9,12,5,3,1
20,2018,Josh Okogie,Georgia Institute of Technology,/players/o/okogijo01.html,61,2014,327,748,66,173,313,403,109,351,120,90,50,138,164,1033,0.437,0.382,0.777,33,16.9,5.8,2,1
21,2018,Grayson Allen,Duke University,/players/a/allengr01.html,142,3962,606,1409,291,766,493,591,76,450,432,147,14,240,297,1996,0.43,0.38,0.834,27.9,14.1,3.2,3,1
22,2018,Chandler Hutchison,Boise State University,/players/h/hutchch01.html,123,2948,523,1098,79,224,353,514,138,672,255,120,29,236,268,1478,0.476,0.353,0.687,24,12,5.5,2.1,2
23,2018,Aaron Holiday,University of California Los Angeles,/players/h/holidaa01.html,101,3209,476,1058,180,427,311,391,48,320,477,126,22,304,271,1443,0.45,0.422,0.795,31.8,14.3,3.2,4.7,2
25,2018,Moritz Wagner,University of Michigan,/players/w/wagnemo01.html,107,2244,421,770,110,286,162,232,128,484,57,83,40,126,269,1114,0.547,0.385,0.698,21,10.4,4.5,0.5,2
26,2018,Landry Shamet,Wichita State University,/players/s/shamela01.html,71,2029,296,617,159,364,163,201,39,213,288,54,14,108,146,914,0.48,0.437,0.811,28.6,12.9,3,4.1,2
27,2018,Robert Williams,Texas A&M University,/players/w/williro04.html,61,1570,293,496,2,30,92,170,165,530,87,45,155,106,123,680,0.591,0.067,0.541,25.7,11.1,8.7,1.4,2
28,2018,Jacob Evans,University of Cincinnati,/players/e/evansja02.html,105,3051,423,985,174,462,213,282,139,455,263,120,92,133,209,1233,0.429,0.377,0.755,29.1,11.7,4.3,2.5,2
30,2018,Omari Spellman,Villanova University,/players/s/spellom01.html,40,1125,160,336,65,150,49,70,90,321,30,26,59,40,92,434,0.476,0.433,0.7,28.1,10.9,8,0.8,2
32,2018,Jevon Carter,West Virginia University,/players/c/carteje01.html,144,4269,587,1441,241,678,343,430,131,538,559,330,34,264,358,1758,0.407,0.355,0.798,29.6,12.2,3.7,3.9,2
33,2018,Jalen Brunson,Villanova University,/players/b/brunsja01.html,116,3349,579,1135,177,450,332,405,47,285,432,97,1,217,209,1667,0.51,0.393,0.82,28.9,14.4,2.5,3.7,2
34,2018,Devonte' Graham,University of Kansas,/players/g/grahade01.html,142,4498,546,1295,296,723,362,460,62,439,632,197,14,270,237,1750,0.422,0.409,0.787,31.7,12.3,3.1,4.5,2
35,2018,Melvin Frazier,Tulane University,/players/f/frazime01.html,94,2601,359,746,81,260,198,303,115,413,156,152,45,187,189,997,0.481,0.312,0.653,27.7,10.6,4.4,1.7,2
37,2018,Gary Trent,Duke University,/players/t/trentga02.html,37,1249,177,427,97,241,85,97,31,157,52,43,5,38,62,536,0.415,0.402,0.876,33.8,14.5,4.2,1.4,2
38,2018,Khyri Thomas,Creighton University,/players/t/thomakh01.html,102,2773,429,839,131,323,151,210,116,471,255,141,26,165,180,1140,0.511,0.406,0.719,27.2,11.2,4.6,2.5,2
41,2018,Jarred Vanderbilt,University of Kentucky,/players/v/vandeja01.html,14,238,29,68,0,1,24,38,46,110,14,6,11,15,37,82,0.426,0,0.632,17,5.9,7.9,1,2
42,2018,Bruce Brown,University of Miami,/players/b/brownbr01.html,52,1693,212,480,49,155,134,191,73,321,182,74,33,110,126,607,0.442,0.316,0.702,32.6,11.7,6.2,3.5,3
43,2018,Justin Jackson,University of Maryland,/players/j/jacksju02.html,44,1240,154,368,56,145,91,125,85,288,52,38,35,86,87,455,0.418,0.386,0.728,28.2,10.3,6.5,1.2,3
45,2018,Hamidou Diallo,University of Kentucky,/players/d/diallha01.html,37,918,134,313,26,77,77,125,32,134,46,28,13,51,96,371,0.428,0.338,0.616,24.8,10,3.6,1.2,3
46,2018,De'Anthony Melton,University of Southern California,/players/m/meltode01.html,36,972,101,231,21,74,77,109,50,170,125,69,37,64,81,300,0.437,0.284,0.706,27,8.3,4.7,3.5,3
47,2018,Sviatoslav Mykhailiuk,University of Kansas,/players/m/mykhasv01.html,136,3070,422,986,237,579,100,134,93,340,202,97,27,146,227,1181,0.428,0.409,0.746,22.6,8.7,2.5,1.5,3
48,2018,Keita Bates-Diop,Ohio State University,/players/b/bateske01.html,109,2702,469,993,123,349,211,272,124,621,121,68,128,133,155,1272,0.472,0.352,0.776,24.8,11.7,5.7,1.1,3
49,2018,Chimezie Metu,University of Southern California,/players/m/metuch01.html,104,2809,495,928,13,43,281,406,191,656,121,74,168,180,261,1284,0.533,0.302,0.692,27,12.3,6.3,1.2,3
50,2018,Alize Johnson,Missouri State,/players/j/johnsal02.html,66,2025,341,746,81,249,219,306,214,735,157,35,20,150,152,982,0.457,0.325,0.716,30.7,14.9,11.1,2.4,3
51,2018,Tony Carr,Pennsylvania State University,/players/c/carrto01.html,70,2392,386,974,121,306,268,341,55,341,325,52,20,171,141,1161,0.396,0.395,0.786,34.2,16.6,4.9,4.6,3
52,2018,Vince Edwards,Purdue University,/players/e/edwarvi01.html,138,3957,589,1244,173,441,287,350,265,779,403,69,64,237,277,1638,0.473,0.392,0.82,28.7,11.9,5.6,2.9,3
53,2018,Devon Hall,University of Virginia,/players/h/hallde01.html,128,3075,305,728,115,296,159,197,44,407,264,73,20,115,183,884,0.419,0.389,0.807,24,6.9,3.2,2.1,3
54,2018,Shake Milton,Southern Methodist University,/players/m/miltosh01.html,87,3019,388,859,190,445,200,253,38,336,337,99,33,159,135,1166,0.452,0.427,0.791,34.7,13.4,3.9,3.9,3
56,2018,Ray Spalding,University of Louisville,/players/s/spaldra01.html,100,2174,332,596,6,25,143,247,228,630,89,104,111,131,261,813,0.557,0.24,0.579,21.7,8.1,6.3,0.9,3
57,2018,Kevin Hervey,University of Texas at Arlington,/players/h/herveke01.html,115,3186,631,1435,204,630,317,413,221,921,216,114,55,236,215,1783,0.44,0.324,0.768,27.7,15.5,8,1.9,3
58,2018,Thomas Welsh,University of California Los Angeles,/players/w/welshth01.html,132,3295,532,990,46,113,138,173,311,1035,103,55,143,90,331,1248,0.537,0.407,0.798,25,9.5,7.8,0.8,3
59,2018,George King,University of Colorado,/players/k/kingge03.html,127,2866,444,1001,181,451,225,308,183,681,88,50,37,196,224,1294,0.444,0.401,0.731,22.6,10.2,5.4,0.7,3
60,2018,Kostas Antetokounmpo,University of Dayton,/players/a/antetko01.html,29,438,58,101,2,15,33,64,24,83,13,7,31,39,66,151,0.574,0.133,0.516,15.1,5.2,2.9,0.4,3
1,2017,Markelle Fultz,University of Washington,/players/f/fultzma01.html,25,892,209,439,52,126,109,168,33,143,148,40,30,80,63,579,0.476,0.413,0.649,35.7,23.2,5.7,5.9,1
2,2017,Lonzo Ball,University of California Los Angeles,/players/b/balllo01.html,36,1263,189,343,80,194,66,98,33,216,274,66,28,89,65,524,0.551,0.412,0.673,35.1,14.6,6,7.6,1
3,2017,Jayson Tatum,Duke University,/players/t/tatumja01.html,29,966,165,365,40,117,118,139,39,213,62,39,33,76,86,488,0.452,0.342,0.849,33.3,16.8,7.3,2.1,1
4,2017,Josh Jackson,University of Kansas,/players/j/jacksjo02.html,35,1077,220,429,34,90,98,173,81,258,104,59,37,97,104,572,0.513,0.378,0.566,30.8,16.3,7.4,3,1
5,2017,De'Aaron Fox,University of Kentucky,/players/f/foxde01.html,36,1064,214,447,17,69,156,212,21,143,165,53,7,87,90,601,0.479,0.246,0.736,29.6,16.7,4,4.6,1
6,2017,Jonathan Isaac,Florida State University,/players/i/isaacjo01.html,32,839,130,256,31,89,92,118,56,251,37,37,49,48,70,383,0.508,0.348,0.78,26.2,12,7.8,1.2,1
7,2017,Lauri Markkanen,University of Arizona,/players/m/markkla01.html,37,1140,185,376,69,163,137,164,88,266,32,15,19,40,73,576,0.492,0.423,0.835,30.8,15.6,7.2,0.9,1
9,2017,Dennis Smith,North Carolina State University,/players/s/smithde03.html,32,1114,191,420,55,153,143,200,26,146,197,62,14,108,67,580,0.455,0.359,0.715,34.8,18.1,4.6,6.2,1
10,2017,Zach Collins,Gonzaga University,/players/c/colliza01.html,39,673,135,207,10,21,110,148,66,230,16,18,69,60,105,390,0.652,0.476,0.743,17.3,10,5.9,0.4,1
11,2017,Malik Monk,University of Kentucky,/players/m/monkma01.html,38,1218,251,558,104,262,148,180,12,95,87,36,19,75,72,754,0.45,0.397,0.822,32.1,19.8,2.5,2.3,1
12,2017,Luke Kennard,Duke University,/players/k/kennalu01.html,73,2275,378,820,143,373,248,286,78,317,146,65,19,87,152,1147,0.461,0.383,0.867,31.2,15.7,4.3,2,1
13,2017,Donovan Mitchell,University of Louisville,/players/m/mitchdo01.html,65,1689,265,634,98,298,130,165,71,269,145,95,20,86,166,758,0.418,0.329,0.788,26,11.7,4.1,2.2,1
14,2017,Bam Adebayo,University of Kentucky,/players/a/adebaba01.html,38,1145,170,284,0,0,154,236,118,304,32,26,57,64,99,494,0.599,-1,0.653,30.1,13,8,0.8,1
15,2017,Justin Jackson,University of North Carolina,/players/j/jacksju01.html,118,3430,623,1353,170,500,232,326,181,481,312,76,45,164,179,1648,0.46,0.34,0.712,29.1,14,4.1,2.6,1
16,2017,Justin Patton,Creighton University,/players/p/pattoju01.html,35,885,200,296,8,15,45,87,59,218,41,30,50,60,96,453,0.676,0.533,0.517,25.3,12.9,6.2,1.2,1
17,2017,D.J. Wilson,University of Michigan,/players/w/wilsodj01.html,69,1337,192,366,49,135,58,71,62,227,58,25,70,52,97,491,0.525,0.363,0.817,19.4,7.1,3.3,0.8,1
18,2017,T.J. Leaf,University of California Los Angeles,/players/l/leaftj01.html,35,1048,235,381,27,58,72,106,78,287,85,22,39,52,89,569,0.617,0.466,0.679,29.9,16.3,8.2,2.4,1
19,2017,John Collins,Wake Forest University,/players/c/collijo01.html,64,1324,315,524,0,1,229,314,176,446,24,30,75,91,180,859,0.601,0,0.729,20.7,13.4,7,0.4,1
20,2017,Harry Giles,Duke University,/players/g/gilesha01.html,26,300,45,78,0,0,12,24,41,100,9,9,17,18,58,102,0.577,-1,0.5,11.5,3.9,3.8,0.3,1
22,2017,Jarrett Allen,University of Texas at Austin,/players/a/allenja01.html,33,1061,179,316,0,7,84,149,100,278,27,19,51,84,68,442,0.566,0,0.564,32.2,13.4,8.4,0.8,2
23,2017,OG Anunoby,Indiana University,/players/a/anunoog01.html,50,868,134,238,27,74,47,90,70,177,41,48,47,54,85,342,0.563,0.365,0.522,17.4,6.8,3.5,0.8,2
24,2017,Tyler Lydon,Syracuse University,/players/l/lydonty01.html,71,2349,278,584,98,245,169,209,145,527,111,77,116,106,184,823,0.476,0.4,0.809,33.1,11.6,7.4,1.6,2
26,2017,Caleb Swanigan,Purdue University,/players/s/swanica01.html,69,2014,352,703,59,157,231,304,150,718,168,27,36,208,172,994,0.501,0.376,0.76,29.2,14.4,10.4,2.4,2
27,2017,Kyle Kuzma,University of Utah,/players/k/kuzmaky01.html,96,2013,372,735,51,169,171,270,155,532,141,31,35,151,151,966,0.506,0.302,0.633,21,10.1,5.5,1.5,2
28,2017,Tony Bradley,University of North Carolina,/players/b/bradlto01.html,38,553,102,178,0,0,65,105,98,195,23,10,22,25,69,269,0.573,-1,0.619,14.6,7.1,5.1,0.6,2
29,2017,Derrick White,University of Colorado,/players/w/whitede01.html,34,1116,205,404,57,144,148,182,35,139,148,42,49,81,72,615,0.507,0.396,0.813,32.8,18.1,4.1,4.4,2
30,2017,Josh Hart,Villanova University,/players/h/hartjo01.html,146,4093,677,1326,207,532,360,500,252,812,266,161,43,194,327,1921,0.511,0.389,0.72,28,13.2,5.6,1.8,2
31,2017,Frank Jackson,Duke University,/players/j/jacksfr01.html,36,895,133,281,51,129,77,102,23,90,61,20,2,49,85,394,0.473,0.395,0.755,24.9,10.9,2.5,1.7,2
32,2017,Davon Reed,University of Miami,/players/r/reedda01.html,131,3679,438,1018,202,512,265,340,86,477,216,113,48,187,247,1343,0.43,0.395,0.779,28.1,10.3,3.6,1.6,2
33,2017,Wesley Iwundu,Kansas State University,/players/i/iwundwe01.html,132,3728,425,917,51,151,348,506,152,618,366,121,52,280,277,1249,0.463,0.338,0.688,28.2,9.5,4.7,2.8,2
34,2017,Frank Mason,University of Kansas,/players/m/masonfr01.html,145,4345,609,1340,185,440,482,633,79,500,576,165,10,270,287,1885,0.454,0.42,0.761,30,13,3.4,4,2
35,2017,Ivan Rabb,University of California,/players/r/rabbiv01.html,65,1987,312,574,9,22,227,341,188,614,79,39,73,119,201,860,0.544,0.409,0.666,30.6,13.2,9.4,1.2,2
37,2017,Semi Ojeleye,Southern Methodist University,/players/o/ojelese01.html,58,1338,222,463,81,195,186,237,90,269,56,22,18,55,79,711,0.479,0.415,0.785,23.1,12.3,4.6,1,2
38,2017,Jordan Bell,University of Oregon,/players/b/belljo01.html,105,2591,345,566,3,16,121,192,224,719,155,111,234,162,241,814,0.61,0.188,0.63,24.7,7.8,6.8,1.5,2
39,2017,Jawun Evans,Oklahoma State University,/players/e/evansja01.html,54,1571,308,688,55,135,225,275,34,206,312,82,8,146,128,896,0.448,0.407,0.818,29.1,16.6,3.8,5.8,2
40,2017,Dwayne Bacon,Florida State University,/players/b/bacondw01.html,69,1987,418,930,89,285,214,292,81,344,111,68,5,145,128,1139,0.449,0.312,0.733,28.8,16.5,5,1.6,2
41,2017,Tyler Dorsey,University of Oregon,/players/d/dorsety01.html,75,2252,342,752,155,373,216,295,81,290,138,59,11,128,133,1055,0.455,0.416,0.732,30,14.1,3.9,1.8,3
42,2017,Thomas Bryant,Indiana University,/players/b/bryanth01.html,69,1745,305,515,28,75,204,284,146,428,84,43,84,136,203,842,0.592,0.373,0.718,25.3,12.2,6.2,1.2,3
44,2017,Damyean Dotson,University of Oregon,/players/d/dotsoda01.html,134,3906,645,1390,243,639,199,250,166,675,149,101,21,154,214,1732,0.464,0.38,0.796,29.1,12.9,5,1.1,3
45,2017,Dillon Brooks,University of Oregon,/players/b/brookdi01.html,109,3153,587,1243,133,367,305,384,174,495,279,96,51,234,320,1612,0.472,0.362,0.794,28.9,14.8,4.5,2.6,3
46,2017,Sterling Brown,Southern Methodist University,/players/b/brownst02.html,136,3492,394,782,128,284,194,252,190,653,294,139,51,210,304,1110,0.504,0.451,0.77,25.7,8.2,4.8,2.2,3
47,2017,Ike Anigbogu,University of California Los Angeles,/players/a/anigbik01.html,29,377,57,101,0,0,23,43,41,117,6,5,35,24,72,137,0.564,-1,0.535,13,4.7,4,0.2,3
48,2017,Sindarius Thornwell,University of South Carolina,/players/t/thornsi01.html,132,4194,596,1521,179,528,570,739,214,685,390,199,78,331,320,1941,0.392,0.339,0.771,31.8,14.7,5.2,3,3
51,2017,Monte Morris,Iowa State University,/players/m/morrimo01.html,140,4734,636,1336,152,399,284,364,108,516,768,225,41,165,212,1708,0.476,0.381,0.78,33.8,12.2,3.7,5.5,3
52,2017,Edmond Sumner,Xavier University,/players/s/sumneed01.html,59,1542,205,478,37,130,216,296,30,202,223,68,22,128,132,663,0.429,0.285,0.73,26.1,11.2,3.4,3.8,3
53,2017,Kadeem Allen,University of Arizona,/players/a/allenka01.html,68,1868,207,451,50,125,153,211,20,243,222,88,48,133,165,617,0.459,0.4,0.725,27.5,9.1,3.6,3.3,3
54,2017,Alec Peters,Valparaiso University,/players/p/peteral01.html,134,4250,790,1623,289,694,479,566,264,996,204,102,38,248,283,2348,0.487,0.416,0.846,31.7,17.5,7.4,1.5,3
55,2017,Nigel Williams-Goss,Gonzaga University,/players/w/willini01.html,100,3415,574,1236,97,293,291,361,69,509,496,133,13,258,191,1536,0.464,0.331,0.806,34.2,15.4,5.1,5,3
56,2017,Jabari Bird,University of California,/players/b/birdja01.html,114,3013,450,1018,187,504,140,186,90,374,132,58,35,137,197,1227,0.442,0.371,0.753,26.4,10.8,3.3,1.2,3
59,2017,Jaron Blossomgame,Clemson University,/players/b/blossja01.html,128,3925,627,1286,96,304,383,529,242,831,141,83,95,190,211,1733,0.488,0.316,0.724,30.7,13.5,6.5,1.1,3
1,2016,Ben Simmons,Louisiana State University,/players/s/simmobe01.html,33,1151,216,386,1,3,199,297,103,388,158,65,27,111,92,632,0.56,0.333,0.67,34.9,19.2,11.8,4.8,1
2,2016,Brandon Ingram,Duke University,/players/i/ingrabr01.html,36,1246,214,484,80,195,116,170,67,244,72,41,49,72,74,624,0.442,0.41,0.682,34.6,17.3,6.8,2,1
3,2016,Jaylen Brown,University of California,/players/b/brownja02.html,34,939,163,378,30,102,142,217,36,182,68,27,22,105,108,498,0.431,0.294,0.654,27.6,14.6,5.4,2,1
5,2016,Kris Dunn,Providence College,/players/d/dunnkr01.html,95,2997,424,943,73,206,293,423,106,486,552,208,38,315,280,1214,0.45,0.354,0.693,31.5,12.8,5.1,5.8,1
6,2016,Buddy Hield,University of Oklahoma,/players/h/hieldbu01.html,132,4182,783,1748,349,894,376,450,209,661,254,168,38,285,259,2291,0.448,0.39,0.836,31.7,17.4,5,1.9,1
7,2016,Jamal Murray,University of Kentucky,/players/m/murraja01.html,36,1267,244,538,113,277,119,152,53,186,79,35,11,84,75,720,0.454,0.408,0.783,35.2,20,5.2,2.2,1
8,2016,Marquese Chriss,University of Washington,/players/c/chrisma01.html,34,848,179,338,21,60,88,129,85,183,26,32,55,69,138,467,0.53,0.35,0.682,24.9,13.7,5.4,0.8,1
9,2016,Jakob Poeltl,University of Utah,/players/p/poeltja01.html,70,1885,356,541,0,1,219,362,194,557,93,33,119,129,165,931,0.658,0,0.605,26.9,13.3,8,1.3,1
11,2016,Domantas Sabonis,Gonzaga University,/players/s/sabondo01.html,74,1971,384,608,5,14,229,314,192,694,97,39,43,151,219,1002,0.632,0.357,0.729,26.6,13.5,9.4,1.3,1
12,2016,Taurean Prince,Baylor University,/players/p/princta02.html,129,2604,468,1017,130,346,255,355,202,547,145,121,63,221,271,1321,0.46,0.376,0.718,20.2,10.2,4.2,1.1,1
14,2016,Denzel Valentine,Michigan State University,/players/v/valende01.html,144,4182,579,1309,265,650,222,285,157,855,639,132,40,317,303,1645,0.442,0.408,0.779,29,11.4,5.9,4.4,1
17,2016,Wade Baldwin,Vanderbilt University,/players/b/baldwwa01.html,68,2011,234,543,84,199,240,300,30,277,327,90,15,158,171,792,0.431,0.422,0.8,29.6,11.6,4.1,4.8,1
18,2016,Henry Ellenson,Marquette University,/players/e/ellenhe01.html,33,1107,194,435,30,104,143,191,71,321,59,28,49,78,84,561,0.446,0.288,0.749,33.5,17,9.7,1.8,1
19,2016,Malik Beasley,Florida State University,/players/b/beaslma01.html,34,1014,185,393,55,142,104,128,44,180,51,32,6,59,75,529,0.471,0.387,0.813,29.8,15.6,5.3,1.5,1
20,2016,Caris LeVert,University of Michigan,/players/l/leverca01.html,103,2721,366,843,134,334,204,265,39,364,275,97,22,136,151,1070,0.434,0.401,0.77,26.4,10.4,3.5,2.7,1
21,2016,DeAndre Bembry,Saint Joseph's University,/players/b/bembrde01.html,101,3645,580,1270,120,385,310,494,137,672,364,143,78,248,249,1590,0.457,0.312,0.628,36.1,15.7,6.7,3.6,2
22,2016,Malachi Richardson,Syracuse University,/players/r/richama01.html,37,1272,152,412,79,224,113,157,19,158,77,42,10,79,91,496,0.369,0.353,0.72,34.4,13.4,4.3,2.1,2
25,2016,Brice Johnson,University of North Carolina,/players/j/johnsbr02.html,148,3102,734,1272,0,0,298,417,314,1035,133,111,163,187,369,1766,0.577,-1,0.715,21,11.9,7,0.9,2
27,2016,Pascal Siakam,New Mexico State University,/players/s/siakapa01.html,68,2224,441,800,3,17,241,339,243,657,103,62,136,131,180,1126,0.551,0.176,0.711,32.7,16.6,9.7,1.5,2
28,2016,Skal Labissiere,University of Kentucky,/players/l/labissk01.html,36,567,98,190,0,2,41,62,35,113,11,9,59,33,108,237,0.516,0,0.661,15.8,6.6,3.1,0.3,2
29,2016,Dejounte Murray,University of Washington,/players/m/murrade01.html,34,1139,202,486,34,118,110,166,48,203,151,62,10,110,90,548,0.416,0.288,0.663,33.5,16.1,6,4.4,2
30,2016,Damian Jones,Vanderbilt University,/players/j/jonesda03.html,99,2684,508,897,1,8,296,524,207,630,71,37,167,197,301,1313,0.566,0.125,0.565,27.1,13.3,6.4,0.7,2
31,2016,Deyonta Davis,Michigan State University,/players/d/davisde01.html,35,650,119,199,0,0,23,38,72,191,26,9,64,30,80,261,0.598,-1,0.605,18.6,7.5,5.5,0.7,2
33,2016,Cheick Diallo,University of Kansas,/players/d/diallch01.html,27,202,33,58,0,0,15,27,17,68,1,7,23,17,38,81,0.569,-1,0.556,7.5,3,2.5,0,2
34,2016,Tyler Ulis,University of Kentucky,/players/u/ulisty01.html,72,2170,259,607,88,237,209,247,35,172,381,88,6,107,120,815,0.427,0.371,0.846,30.1,11.3,2.4,5.3,2
36,2016,Malcolm Brogdon,University of Virginia,/players/b/brogdma01.html,136,4157,601,1399,185,507,422,482,82,563,335,117,31,207,250,1809,0.43,0.365,0.876,30.6,13.3,4.1,2.5,2
37,2016,Chinanu Onuaku,University of Louisville,/players/o/onuakch01.html,66,1385,182,294,0,1,47,86,160,423,70,50,104,109,175,411,0.619,0,0.547,21,6.2,6.4,1.1,2
38,2016,Patrick McCaw,University of Nevada Las Vegas,/players/m/mccawpa01.html,65,2060,273,622,125,341,122,162,61,273,214,129,23,125,122,793,0.439,0.367,0.753,31.7,12.2,4.2,3.3,2
40,2016,Diamond Stone,University of Maryland,/players/s/stonedi01.html,35,807,167,294,0,0,102,134,77,188,15,18,55,53,80,436,0.568,-1,0.761,23.1,12.5,5.4,0.4,2
41,2016,Stephen Zimmerman,University of Nevada Las Vegas,/players/z/zimmest01.html,26,680,102,214,5,17,63,101,56,227,22,14,51,54,79,272,0.477,0.294,0.624,26.2,10.5,8.7,0.8,3
42,2016,Isaiah Whitehead,Seton Hall University,/players/w/whiteis01.html,56,1710,285,760,117,326,196,259,40,207,251,70,63,192,131,883,0.375,0.359,0.757,30.5,15.8,3.7,4.5,3
45,2016,Demetrius Jackson,University of Notre Dame,/players/j/jacksde01.html,103,3243,415,888,133,349,241,308,90,322,335,114,23,170,197,1204,0.467,0.381,0.782,31.5,11.7,3.1,3.3,3
46,2016,A.J. Hammons,Purdue University,/players/h/hammoaj01.html,132,3201,613,1138,6,23,361,523,314,930,104,50,343,271,325,1593,0.539,0.261,0.69,24.3,12.1,7,0.8,3
47,2016,Jake Layman,University of Maryland,/players/l/laymaja01.html,141,3938,482,1083,198,547,274,361,159,674,156,123,113,204,272,1436,0.445,0.362,0.759,27.9,10.2,4.8,1.1,3
49,2016,Michael Gbinije,Syracuse University,/players/g/gbinimi01.html,120,3061,409,900,159,411,200,313,101,377,310,154,31,194,257,1177,0.454,0.387,0.639,25.5,9.8,3.1,2.6,3
50,2016,Georges Niang,Iowa State University,/players/n/niangge01.html,138,4110,849,1697,188,502,342,448,162,714,421,92,67,318,422,2228,0.5,0.375,0.763,29.8,16.1,5.2,3.1,3
51,2016,Ben Bentil,Providence College,/players/b/bentibe01.html,69,1928,321,705,61,188,251,330,173,434,61,39,48,107,186,954,0.455,0.324,0.761,27.9,13.8,6.3,0.9,3
52,2016,Joel Bolomboy,Weber State University,/players/b/bolomjo01.html,130,3743,492,931,36,97,464,651,412,1312,93,72,178,260,304,1484,0.528,0.371,0.713,28.8,11.4,10.1,0.7,3
54,2016,Kay Felder,Oakland University,/players/f/feldeka01.html,101,3626,554,1300,143,415,514,625,67,436,788,164,19,350,287,1765,0.426,0.345,0.822,35.9,17.5,4.3,7.8,3
55,2016,Marcus Paige,University of North Carolina,/players/p/paigema01.html,141,4570,605,1487,303,810,357,421,55,399,601,203,35,274,242,1870,0.407,0.374,0.848,32.4,13.3,2.8,4.3,3
56,2016,Daniel Hamilton,University of Connecticut,/players/h/hamilda02.html,71,2247,298,777,93,276,142,184,70,588,298,71,28,166,152,831,0.384,0.337,0.772,31.6,11.7,8.3,4.2,3
58,2016,Abdel Nader,Iowa State University,/players/n/naderab01.html,117,2845,432,1106,128,420,215,294,104,503,127,95,71,267,287,1207,0.391,0.305,0.731,24.3,10.3,4.3,1.1,3
59,2016,Isaiah Cousins,University of Oklahoma,/players/c/cousiis01.html,137,3794,474,1162,176,432,202,284,113,529,365,157,36,254,276,1326,0.408,0.407,0.711,27.7,9.7,3.9,2.7,3
60,2016,Tyrone Wallace,University of California,/players/w/wallaty01.html,129,4074,588,1417,118,404,329,537,130,674,436,139,55,279,328,1623,0.415,0.292,0.613,31.6,12.6,5.2,3.4,3
1,2015,Karl-Anthony Towns,University of Kentucky,/players/t/townska01.html,39,822,145,256,2,8,109,134,92,261,44,18,88,53,115,401,0.566,0.25,0.813,21.1,10.3,6.7,1.1,1
2,2015,D'Angelo Russell,Ohio State University,/players/r/russeda01.html,35,1188,231,515,95,231,118,156,35,198,175,55,11,102,74,675,0.449,0.411,0.756,33.9,19.3,5.7,5,1
3,2015,Jahlil Okafor,Duke University,/players/o/okafoja01.html,38,1143,279,420,0,0,99,194,134,322,49,29,54,95,81,657,0.664,-1,0.51,30.1,17.3,8.5,1.3,1
6,2015,Willie Cauley-Stein,University of Kentucky,/players/c/caulewi01.html,105,2575,346,583,0,0,151,297,250,655,90,115,233,127,246,843,0.593,-1,0.508,24.5,8,6.2,0.9,1
8,2015,Stanley Johnson,University of Arizona,/players/j/johnsst04.html,38,1081,174,390,43,116,132,178,75,247,63,57,15,82,100,523,0.446,0.371,0.742,28.4,13.8,6.5,1.7,1
9,2015,Frank Kaminsky,University of Wisconsin,/players/k/kaminfr01.html,144,2943,529,1013,103,279,297,389,182,666,188,77,153,121,235,1458,0.522,0.369,0.763,20.4,10.1,4.6,1.3,1
10,2015,Justise Winslow,Duke University,/players/w/winslju01.html,39,1135,173,356,46,110,100,156,49,252,82,52,34,71,108,492,0.486,0.418,0.641,29.1,12.6,6.5,2.1,1
11,2015,Myles Turner,University of Texas at Austin,/players/t/turnemy01.html,34,755,117,257,17,62,94,112,44,222,20,10,89,47,82,345,0.455,0.274,0.839,22.2,10.1,6.5,0.6,1
12,2015,Trey Lyles,University of Kentucky,/players/l/lylestr01.html,36,828,117,240,4,29,75,102,65,188,38,19,16,41,57,313,0.488,0.138,0.735,23,8.7,5.2,1.1,1
13,2015,Devin Booker,University of Kentucky,/players/b/bookede01.html,38,816,135,287,58,141,53,64,17,76,42,17,2,37,58,381,0.47,0.411,0.828,21.5,10,2,1.1,1
14,2015,Cameron Payne,Murray State University,/players/p/payneca01.html,69,2238,435,1007,156,434,253,324,31,252,394,125,37,197,168,1279,0.432,0.359,0.781,32.4,18.5,3.7,5.7,1
15,2015,Kelly Oubre,University of Kansas,/players/o/oubreke01.html,36,756,110,248,34,95,79,110,41,179,28,41,13,43,71,333,0.444,0.358,0.718,21,9.3,5,0.8,1
16,2015,Terry Rozier,University of Louisville,/players/r/roziete01.html,73,1959,307,753,84,254,176,228,71,314,175,110,8,101,116,874,0.408,0.331,0.772,26.8,12,4.3,2.4,1
17,2015,Rashad Vaughn,University of Nevada Las Vegas,/players/v/vaughra01.html,23,742,144,328,54,141,68,98,14,111,36,18,8,50,54,410,0.439,0.383,0.694,32.3,17.8,4.8,1.6,1
18,2015,Sam Dekker,University of Wisconsin,/players/d/dekkesa01.html,113,3153,499,1012,142,408,223,321,185,569,148,73,54,114,137,1363,0.493,0.348,0.695,27.9,12.1,5,1.3,1
19,2015,Jerian Grant,University of Notre Dame,/players/g/grantje02.html,120,4337,556,1276,179,519,448,567,48,344,690,175,37,266,219,1739,0.436,0.345,0.79,36.1,14.5,2.9,5.8,1
20,2015,Delon Wright,University of Utah,/players/w/wrighde01.html,68,2367,339,634,38,127,306,376,76,397,352,155,77,152,110,1022,0.535,0.299,0.814,34.8,15,5.8,5.2,1
21,2015,Justin Anderson,University of Virginia,/players/a/anderju01.html,98,2364,288,669,97,272,200,266,75,341,180,60,84,125,137,873,0.43,0.357,0.752,24.1,8.9,3.5,1.8,2
22,2015,Bobby Portis,University of Arkansas,/players/p/portibo01.html,70,1994,411,782,23,63,202,274,219,551,92,74,104,97,137,1047,0.526,0.365,0.737,28.5,15,7.9,1.3,2
23,2015,Rondae Hollis-Jefferson,University of Arizona,/players/h/holliro01.html,76,2050,259,522,8,39,248,356,160,475,114,72,72,103,186,774,0.496,0.205,0.697,27,10.2,6.3,1.5,2
24,2015,Tyus Jones,Duke University,/players/j/jonesty01.html,39,1322,135,324,47,124,144,162,19,137,217,59,3,76,46,461,0.417,0.379,0.889,33.9,11.8,3.5,5.6,2
25,2015,Jarell Martin,Louisiana State University,/players/m/martija01.html,65,1996,323,654,41,133,202,293,154,451,88,65,45,144,170,889,0.494,0.308,0.689,30.7,13.7,6.9,1.4,2
27,2015,Larry Nance Jr.,University of Wyoming,/players/n/nancela02.html,123,3631,510,978,36,117,330,428,185,807,172,141,135,193,284,1386,0.521,0.308,0.771,29.5,11.3,6.6,1.4,2
28,2015,R.J. Hunter,Georgia State University,/players/h/hunterj01.html,99,3438,559,1321,253,715,448,525,68,474,240,191,92,168,214,1819,0.423,0.354,0.853,34.7,18.4,4.8,2.4,2
29,2015,Chris McCullough,Syracuse University,/players/m/mcculch01.html,16,450,54,113,1,1,40,71,36,110,18,27,33,35,41,149,0.478,1,0.563,28.1,9.3,6.9,1.1,2
30,2015,Kevon Looney,University of California Los Angeles,/players/l/looneke01.html,36,1113,151,321,22,53,92,147,122,331,51,46,32,45,104,416,0.47,0.415,0.626,30.9,11.6,9.2,1.4,2
32,2015,Montrezl Harrell,University of Louisville,/players/h/harremo01.html,112,2961,533,910,11,40,217,407,294,777,102,91,118,145,214,1294,0.586,0.275,0.533,26.4,11.6,6.9,0.9,2
33,2015,Jordan Mickey,Louisiana State University,/players/m/mickejo01.html,65,2197,363,701,1,14,186,278,176,575,76,50,218,179,155,913,0.518,0.071,0.669,33.8,14,8.8,1.2,2
34,2015,Anthony Brown,Stanford University,/players/b/brownan02.html,144,4200,518,1211,218,541,308,410,139,691,231,99,23,228,257,1562,0.428,0.403,0.751,29.2,10.8,4.8,1.6,2
36,2015,Rakeem Christmas,Syracuse University,/players/c/chrisra01.html,142,3126,409,731,0,1,228,335,280,746,86,77,247,162,375,1046,0.56,0,0.681,22,7.4,5.3,0.6,2
37,2015,Richaun Holmes,Bowling Green State University,/players/h/holmeri01.html,95,2518,403,728,30,85,253,363,250,652,62,75,244,143,233,1089,0.554,0.353,0.697,26.5,11.5,6.9,0.7,2
38,2015,Darrun Hilliard,Villanova University,/players/h/hillida01.html,132,3537,491,1125,209,569,320,428,71,400,248,176,47,206,274,1511,0.436,0.367,0.748,26.8,11.4,3,1.9,2
40,2015,Josh Richardson,University of Tennessee,/players/r/richajo01.html,136,3842,458,1005,98,308,238,314,116,439,246,147,88,209,301,1252,0.456,0.318,0.758,28.3,9.2,3.2,1.8,2
41,2015,Pat Connaughton,University of Notre Dame,/players/c/connapa01.html,139,4484,515,1145,268,695,167,215,137,823,257,93,71,135,232,1465,0.45,0.386,0.777,32.3,10.5,5.9,1.8,2
42,2015,Olivier Hanlan,Boston College,/players/h/hanlaol01.html,97,3493,565,1247,176,487,421,541,62,382,303,104,5,236,216,1727,0.453,0.361,0.778,36,17.8,3.9,3.1,2
43,2015,Joseph Young,University of Oregon,/players/y/youngjo01.html,132,4333,778,1718,288,739,460,519,85,476,351,130,8,221,194,2304,0.453,0.39,0.886,32.8,17.5,3.6,2.7,2
44,2015,Andrew Harrison,University of Kentucky,/players/h/harrian01.html,79,2261,222,597,69,188,285,367,45,213,298,61,17,173,189,798,0.372,0.367,0.777,28.6,10.1,2.7,3.8,2
45,2015,Marcus Thornton,College of William & Mary,/players/t/thornma02.html,127,4328,709,1649,325,809,435,551,39,324,308,92,31,324,190,2178,0.43,0.402,0.789,34.1,17.1,2.6,2.4,2
46,2015,Norman Powell,University of California Los Angeles,/players/p/powelno01.html,141,3555,503,1090,111,354,259,347,58,424,214,158,57,180,288,1376,0.461,0.314,0.746,25.2,9.8,3,1.5,2
48,2015,Dakari Johnson,University of Kentucky,/players/j/johnsda04.html,78,1185,161,300,0,0,128,229,146,333,40,23,59,67,148,450,0.537,-1,0.559,15.2,5.8,4.3,0.5,2
49,2015,Aaron White,University of Iowa,/players/w/whiteaa01.html,140,3939,590,1142,61,217,618,800,289,902,190,149,85,211,219,1859,0.517,0.281,0.773,28.1,13.3,6.4,1.4,2
51,2015,Tyler Harvey,Eastern Washington University,/players/h/harvety01.html,84,2635,494,1066,260,602,316,373,49,293,197,86,16,151,162,1564,0.463,0.432,0.847,31.4,18.6,3.5,2.3,2
53,2015,Sir'Dominic Pointer,St. John's University,/players/p/pointsi01.html,130,3660,406,852,21,109,245,360,161,681,299,200,173,218,367,1078,0.477,0.193,0.681,28.2,8.3,5.2,2.3,2
55,2015,Cady Lalanne,University of Massachusetts Amherst,/players/l/lalanca01.html,111,2799,424,767,10,47,249,374,341,881,26,49,197,206,275,1107,0.553,0.213,0.666,25.2,10,7.9,0.2,2
56,2015,Branden Dawson,Michigan State University,/players/d/dawsobr01.html,130,3456,566,1013,0,9,177,317,329,902,181,163,142,219,212,1309,0.559,0,0.558,26.6,10.1,6.9,1.4,2
58,2015,J.P. Tokoto,University of North Carolina,/players/t/tokotjp01.html,107,2383,285,617,21,79,131,241,153,469,293,128,36,180,210,722,0.462,0.266,0.544,22.3,6.7,4.4,2.7,2
1,2014,Andrew Wiggins,University of Kansas,/players/w/wiggian01.html,35,1148,189,422,43,126,176,227,76,205,54,41,34,80,94,597,0.448,0.341,0.775,32.8,17.1,5.9,1.5,1
2,2014,Jabari Parker,Duke University,/players/p/parkeja01.html,35,1074,236,499,38,106,160,214,105,306,41,37,43,81,83,670,0.473,0.358,0.748,30.7,19.1,8.7,1.2,1
3,2014,Joel Embiid,University of Kansas,/players/e/embiijo01.html,28,647,107,171,1,5,98,143,65,227,38,25,72,66,94,313,0.626,0.2,0.685,23.1,11.2,8.1,1.4,1
4,2014,Aaron Gordon,University of Arizona,/players/g/gordoaa01.html,38,1187,189,382,16,45,76,180,102,303,75,34,39,55,90,470,0.495,0.356,0.422,31.2,12.4,8,2,1
6,2014,Marcus Smart,Oklahoma State University,/players/s/smartma01.html,64,2120,314,760,87,295,349,465,94,375,287,188,40,193,183,1064,0.413,0.295,0.751,33.1,16.6,5.9,4.5,1
7,2014,Julius Randle,University of Kentucky,/players/r/randlju01.html,40,1233,196,391,3,18,204,289,139,416,57,20,31,101,91,599,0.501,0.167,0.706,30.8,15,10.4,1.4,1
8,2014,Nik Stauskas,University of Michigan,/players/s/stausni01.html,75,2471,323,692,172,390,242,291,35,221,170,42,20,111,73,1060,0.467,0.441,0.832,32.9,14.1,2.9,2.3,1
9,2014,Noah Vonleh,Indiana University,/players/v/vonleno01.html,30,794,113,216,16,33,96,134,71,269,18,26,41,64,81,338,0.523,0.485,0.716,26.5,11.3,9,0.6,1
10,2014,Elfrid Payton,University of Louisiana at Lafayette,/players/p/paytoel01.html,100,3155,501,1032,30,112,394,645,148,508,486,197,51,336,226,1426,0.485,0.268,0.611,31.6,14.3,5.1,4.9,1
11,2014,Doug McDermott,Creighton University,/players/m/mcderdo01.html,145,4569,1141,2075,274,598,594,715,281,1088,194,34,14,321,265,3150,0.55,0.458,0.831,31.5,21.7,7.5,1.3,1
13,2014,Zach LaVine,University of California Los Angeles,/players/l/lavinza01.html,37,904,127,288,48,128,47,68,18,94,66,33,6,42,73,349,0.441,0.375,0.691,24.4,9.4,2.5,1.8,1
14,2014,T.J. Warren,North Carolina State University,/players/w/warretj01.html,70,2182,528,951,45,143,195,298,187,396,68,105,36,117,174,1296,0.555,0.315,0.654,31.2,18.5,5.7,1,1
15,2014,Adreian Payne,Michigan State University,/players/p/paynead01.html,138,2759,447,850,61,149,277,367,211,735,85,76,141,187,297,1232,0.526,0.409,0.755,20,8.9,5.3,0.6,1
17,2014,James Young,University of Kentucky,/players/y/youngja01.html,40,1296,183,450,82,235,125,177,41,171,67,30,8,75,83,573,0.407,0.349,0.706,32.4,14.3,4.3,1.7,1
18,2014,Tyler Ennis,Syracuse University,/players/e/ennisty01.html,34,1215,148,360,30,85,114,149,27,115,187,71,6,58,69,440,0.411,0.353,0.765,35.7,12.9,3.4,5.5,1
19,2014,Gary Harris,Michigan State University,/players/h/harriga01.html,69,2141,345,784,146,388,189,240,67,226,140,108,21,111,141,1025,0.44,0.376,0.788,31,14.9,3.3,2,1
21,2014,Mitch McGary,University of Michigan,/players/m/mcgarmi01.html,47,967,164,279,0,2,39,76,122,312,37,57,34,60,117,367,0.588,0,0.513,20.6,7.8,6.6,0.8,2
22,2014,Jordan Adams,University of California Los Angeles,/players/a/adamsjo01.html,69,2081,373,798,98,296,287,342,88,319,142,168,17,94,147,1131,0.467,0.331,0.839,30.2,16.4,4.6,2.1,2
23,2014,Rodney Hood,Duke University,/players/h/hoodro01.html,67,2200,318,699,118,298,136,176,60,291,139,38,23,84,132,890,0.455,0.396,0.773,32.8,13.3,4.3,2.1,2
24,2014,Shabazz Napier,University of Connecticut,/players/n/napiesh01.html,143,4614,595,1447,260,693,509,626,101,576,646,251,30,350,301,1959,0.411,0.375,0.813,32.3,13.7,4,4.5,2
26,2014,P.J. Hairston,University of North Carolina,/players/h/hairspj02.html,71,1286,220,567,127,364,140,175,93,228,74,57,20,66,118,707,0.388,0.349,0.8,18.1,10,3.2,1,2
28,2014,C.J. Wilcox,University of Washington,/players/w/wilcocj01.html,131,3735,640,1478,301,773,299,356,110,441,214,112,98,178,250,1880,0.433,0.389,0.84,28.5,14.4,3.4,1.6,2
29,2014,Josh Huestis,Stanford University,/players/h/huestjo01.html,135,3376,392,870,66,207,169,277,292,834,113,67,190,125,230,1019,0.451,0.319,0.61,25,7.5,6.2,0.8,2
30,2014,Kyle Anderson,University of California Los Angeles,/players/a/anderky01.html,71,2242,303,670,36,96,223,303,119,617,355,126,58,183,132,865,0.452,0.375,0.736,31.6,12.2,8.7,5,2
32,2014,K.J. McDaniels,Clemson University,/players/m/mcdankj01.html,94,2287,362,804,81,259,230,300,170,450,85,83,178,140,168,1035,0.45,0.313,0.767,24.3,11,4.8,0.9,2
33,2014,Joe Harris,University of Virginia,/players/h/harrijo01.html,135,4084,568,1276,263,646,299,414,116,509,254,116,48,213,307,1698,0.445,0.407,0.722,30.3,12.6,3.8,1.9,2
34,2014,Cleanthony Early,Wichita State University,/players/e/earlycl01.html,75,1965,371,790,113,325,280,342,137,425,50,58,63,131,183,1135,0.47,0.348,0.819,26.2,15.1,5.7,0.7,2
35,2014,Jarnell Stokes,University of Tennessee,/players/s/stokeja01.html,87,2587,411,776,0,3,307,489,337,836,129,65,94,180,190,1129,0.53,0,0.628,29.7,13,9.6,1.5,2
36,2014,Johnny O'Bryant III,Louisiana State University,/players/o/obryajo01.html,91,2465,446,956,6,27,257,415,277,702,115,47,72,267,255,1155,0.467,0.222,0.619,27.1,12.7,7.7,1.3,2
37,2014,DeAndre Daniels,University of Connecticut,/players/d/daniede01.html,99,2356,359,791,83,238,152,202,114,457,52,62,117,128,201,953,0.454,0.349,0.752,23.8,9.6,4.6,0.5,2
38,2014,Spencer Dinwiddie,University of Colorado,/players/d/dinwisp01.html,86,2590,290,690,115,298,420,506,42,288,227,97,29,153,181,1115,0.42,0.386,0.83,30.1,13,3.3,2.6,2
39,2014,Jerami Grant,Syracuse University,/players/g/grantje01.html,72,1577,187,385,6,20,161,251,124,335,62,43,36,63,129,541,0.486,0.3,0.641,21.9,7.5,4.7,0.9,2
40,2014,Glenn Robinson III,University of Michigan,/players/r/robingl02.html,76,2506,349,665,56,179,158,220,137,375,87,74,21,78,99,912,0.525,0.313,0.718,33,12,4.9,1.1,2
42,2014,Nick Johnson,University of Arizona,/players/j/johnsni01.html,108,3339,441,1048,144,401,307,418,64,395,304,137,64,197,220,1333,0.421,0.359,0.734,30.9,12.3,3.7,2.8,3
44,2014,Markel Brown,Oklahoma State University,/players/b/brownma02.html,134,4088,551,1255,146,421,407,555,104,579,308,136,113,239,285,1655,0.439,0.347,0.733,30.5,12.4,4.3,2.3,3
45,2014,Dwight Powell,Stanford University,/players/p/poweldw01.html,136,3569,515,1110,33,114,402,557,225,853,240,125,118,283,390,1465,0.464,0.289,0.722,26.2,10.8,6.3,1.8,3
46,2014,Jordan Clarkson,University of Missouri,/players/c/clarkjo01.html,93,2952,473,1075,95,295,392,487,74,310,249,87,26,254,211,1433,0.44,0.322,0.805,31.7,15.4,3.3,2.7,3
47,2014,Russ Smith,University of Louisville,/players/s/smithru01.html,133,3228,620,1501,180,521,488,642,98,359,378,257,8,316,321,1908,0.413,0.345,0.76,24.3,14.3,2.7,2.8,3
48,2014,Lamar Patterson,University of Pittsburgh,/players/p/pattela01.html,149,3628,477,1097,171,463,285,394,173,588,427,146,44,244,276,1410,0.435,0.369,0.723,24.3,9.5,3.9,2.9,3
49,2014,Cameron Bairstow,University of New Mexico,/players/b/bairsca01.html,134,2787,418,808,2,6,401,559,234,637,102,62,99,157,282,1239,0.517,0.333,0.717,20.8,9.2,4.8,0.8,3
50,2014,Alec Brown,University of Wisconsin-Green Bay,/players/b/brownal01.html,126,3693,604,1299,78,195,392,524,287,800,111,74,309,263,336,1678,0.465,0.4,0.748,29.3,13.3,6.3,0.9,3
55,2014,Semaj Christon,Xavier University,/players/c/chrisse01.html,64,2227,363,785,26,77,282,421,20,177,281,90,11,198,152,1034,0.462,0.338,0.67,34.8,16.2,2.8,4.4,3
56,2014,Roy Devyn Marble,University of Iowa,/players/m/marblde01.html,136,3749,564,1359,134,396,432,595,118,460,397,176,33,232,212,1694,0.415,0.338,0.726,27.6,12.5,3.4,2.9,3
58,2014,Jordan McRae,University of Tennessee,/players/m/mcraejo01.html,114,3088,496,1190,179,522,350,455,75,371,209,73,97,225,218,1521,0.417,0.343,0.769,27.1,13.3,3.3,1.8,3
59,2014,Xavier Thames,San Diego State University,/players/t/thamexa01.html,128,3581,427,1080,123,353,397,488,63,330,354,144,22,211,241,1374,0.395,0.348,0.814,28,10.7,2.6,2.8,3
60,2014,Cory Jefferson,Baylor University,/players/j/jeffeco01.html,130,2589,431,794,17,50,280,424,243,722,51,42,166,101,226,1159,0.543,0.34,0.66,19.9,8.9,5.6,0.4,3
